INSERT INTO  COMPANY (id, name)VALUES (1,'Coca-Cola');
INSERT INTO  COMPANY (id, name) VALUES (2,'IBM');
INSERT INTO  COMPANY (id, name) VALUES (3,'APPLE');
INSERT INTO  COMPANY (id, name) VALUES (4,'Nike');




 INSERT INTO  USER (ID,NAME,LASTNAME,DATE_OF_BIRTH) VALUES
        (1,'Misha', 'Korol','1987-11-12'),
        (2,'Vova', 'dib','1987-11-12'),
        (3,'Sergiy', 'mar','1987-11-12'),
        (4,'Yura', 'poli','1987-11-12'),
        (5,'Rus', 'kon','1987-11-12'),
        (6,'Sasha', 'stes','1987-11-12');

INSERT INTO POSITIONTYPE ( position,USERID) VALUES ('SPECIALIST',1);
INSERT INTO POSITIONTYPE ( position,USERID) VALUES ('MANAGER',2);
INSERT INTO POSITIONTYPE ( position,USERID) VALUES ('DIRECTOR',3);
INSERT INTO POSITIONTYPE ( position,USERID) VALUES ('SPECIALIST',4);
INSERT INTO POSITIONTYPE ( position,USERID) VALUES ('MANAGER',5);
INSERT INTO POSITIONTYPE ( position,USERID) VALUES ('SPECIALIST',6);


INSERT INTO DEPARTMENT(ID, NAME,USER_ID, COMPANY_ID) VALUES (1,'IT',1,2);
INSERT INTO DEPARTMENT(ID, NAME,USER_ID, COMPANY_ID) VALUES  (2,'Legal',6,1);
INSERT INTO DEPARTMENT(ID, NAME,USER_ID, COMPANY_ID) VALUES (3,'HR',2,1);
INSERT INTO DEPARTMENT(ID, NAME,USER_ID, COMPANY_ID) VALUES (4,'IT',3,2);
INSERT INTO DEPARTMENT(ID, NAME,USER_ID, COMPANY_ID) VALUES (5,'HR',4,2);
INSERT INTO DEPARTMENT(ID, NAME,USER_ID, COMPANY_ID) VALUES (6,'IT',5,3);
-- INSERT INTO DEPARTMENT(ID, NAME,USER_ID, COMPANY_ID) VALUES  (7,'Legal',6,3);
-- INSERT INTO DEPARTMENT(ID, NAME,USER_ID, COMPANY_ID) VALUES (8,'HR',7,4);
-- INSERT INTO DEPARTMENT(ID, NAME,USER_ID, COMPANY_ID) VALUES (9,'IT',8,4);



